ID,Titulo,Historia,Prioridade,Pontos,Ciclo,Responsavel,Status
US01,Configurar repositório e ambiente,"Como equipe, quero um repositório com ramo principal protegido, README e arquivo .env.example para trabalhar de forma versionada e sem expor credenciais.",Alta,3,Ciclo 1,João,Em andamento
US02,Estruturar a API em camadas,"Como equipe, quero a API organizada em rotas, controladores, serviços e modelos, com tratamento padronizado de erros e rota de verificação de saúde, para separar responsabilidades e facilitar a manutenção.",Alta,5,Ciclo 1,Gabriel,Concluído
US03,Estruturar o aplicativo e a navegação,"Como usuário, quero navegar entre as seções do aplicativo por abas para acessar rapidamente cada funcionalidade.",Alta,5,Ciclo 1,João,Concluído
US04,Cadastrar usuário,"Como funcionário da clínica, quero me cadastrar com nome, e-mail, senha e perfil para ter acesso ao sistema conforme a minha função.",Alta,3,Ciclo 1,João,Concluído
US05,Entrar e sair do sistema,"Como recepcionista ou veterinário, quero entrar com e-mail e senha e permanecer conectado durante o expediente para não precisar me autenticar a cada uso.",Alta,3,Ciclo 1,João,Concluído
US06,Proteger a API por autenticação e perfil,"Como responsável pela clínica, quero que a API aceite apenas requisições autenticadas e respeite o perfil do usuário para proteger os dados dos clientes.",Alta,5,Ciclo 1,Gabriel,Concluído
US07,Cadastrar tutor,"Como recepcionista, quero cadastrar um tutor com nome, CPF, telefone, e-mail e endereço para manter os dados de contato organizados.",Alta,5,Ciclo 1,Guilherme,Concluído
US08,Preencher endereço pelo CEP,"Como recepcionista, quero que o endereço seja preenchido automaticamente ao informar o CEP para agilizar o cadastro e evitar erros de digitação.",Alta,3,Ciclo 1,Guilherme,Concluído
US09,Buscar e visualizar tutores,"Como recepcionista, quero buscar tutores por nome, CPF ou e-mail e ver seus detalhes para localizar rapidamente um cliente no balcão.",Alta,3,Ciclo 1,Guilherme,Concluído
US10,Editar e excluir tutor,"Como recepcionista, quero editar e excluir tutores, com confirmação antes da exclusão, para manter o cadastro atualizado.",Alta,3,Ciclo 1,Guilherme,Concluído
US11,Trabalhar sem conexão,"Como recepcionista, quero continuar consultando e cadastrando tutores sem internet para não interromper o atendimento.",Alta,8,Ciclo 1,João,Concluído
US12,Sincronizar alterações,"Como recepcionista, quero que as alterações feitas sem conexão sejam enviadas automaticamente quando a conexão voltar e ver quais registros estão pendentes ou com erro, para ter certeza de que nada foi perdido.",Alta,8,Ciclo 1,João,Concluído
US13,Disponibilizar endpoints de tutores para sincronização,"Como equipe, quero endpoints de tutores com upsert idempotente, exclusão lógica e consulta incremental para suportar a sincronização offline.",Alta,5,Ciclo 1,Gabriel,Concluído
US14,Restringir ações por perfil no aplicativo,"Como veterinário, quero ver apenas as ações permitidas ao meu perfil para não tentar operações que não posso realizar.",Alta,2,Ciclo 1,Guilherme,Concluído
US15,Elaborar o documento de projeto (N1),"Como equipe, quero o documento de projeto e o backlog priorizado para registrar e comunicar ao docente as decisões tomadas.",Alta,5,Ciclo 1,Pedro,Em andamento
US16,Elaborar o roteiro de testes do Ciclo 1,"Como equipe, quero um roteiro de testes funcionais de autenticação e tutores para verificar o módulo antes da entrega da N1.",Média,3,Ciclo 1,Pedro,Em andamento
US48,Exibir a tela inicial (Dashboard),"Como recepcionista ou veterinário, quero ver ao entrar uma saudação, o total de tutores e o estado da sincronização para saber rapidamente a situação da clínica e dos dados do aparelho.",Média,2,Ciclo 1,Pedro,Concluído
US17,Cadastrar pet,"Como recepcionista, quero cadastrar um pet com nome, espécie, raça, sexo, data de nascimento, peso e tutor responsável para manter os dados básicos do animal.",Alta,5,Ciclo 2,Guilherme,A fazer
US18,Fotografar o pet,"Como recepcionista, quero tirar ou escolher uma foto do pet para identificá-lo visualmente no atendimento.",Alta,5,Ciclo 2,Guilherme,A fazer
US19,"Listar, filtrar e buscar pets","Como recepcionista ou veterinário, quero filtrar os pets por espécie e buscá-los pelo nome para encontrar o animal rapidamente.",Alta,3,Ciclo 2,Pedro,A fazer
US20,Editar e excluir pet,"Como recepcionista, quero editar e excluir pets, com confirmação antes da exclusão, para manter corretos os dados dos animais.",Alta,3,Ciclo 2,Guilherme,A fazer
US21,Ver pets do tutor e proteger a exclusão,"Como recepcionista, quero ver os pets vinculados ao tutor e ser avisada quando um tutor com pets não puder ser excluído, para preservar o histórico dos animais.",Alta,3,Ciclo 2,Guilherme,A fazer
US22,Manter veterinários,"Como recepcionista, quero cadastrar, consultar, editar e excluir veterinários com CRMV e especialidade para organizar a agenda da clínica.",Alta,5,Ciclo 2,Pedro,A fazer
US23,Vincular veterinário ao usuário,"Como veterinário, quero que o meu usuário esteja vinculado ao meu cadastro profissional para visualizar a minha própria agenda.",Média,3,Ciclo 2,Gabriel,A fazer
US24,Disponibilizar a API de pets e veterinários,"Como equipe, quero endpoints de pets e veterinários com as regras RN02 e RN04 e suporte à sincronização para manter os dados íntegros no servidor.",Alta,8,Ciclo 2,Gabriel,A fazer
US25,Sincronizar pets e veterinários,"Como recepcionista, quero que pets e veterinários também funcionem sem conexão e sejam sincronizados, para trabalhar sem interrupções.",Alta,5,Ciclo 2,João,A fazer
US26,Exibir o Dashboard parcial,"Como recepcionista, quero ver na tela inicial os totais de tutores, pets e veterinários e os pets cadastrados recentemente para ter uma visão geral da clínica.",Média,3,Ciclo 2,Pedro,A fazer
US27,Ordenar listagens,"Como recepcionista, quero ordenar tutores e pets por nome ou por data de cadastro para encontrar registros recentes com facilidade.",Média,2,Ciclo 2,João,A fazer
US28,Agendar consulta,"Como recepcionista, quero agendar uma consulta escolhendo pet, veterinário, data, horário e motivo para organizar a agenda da clínica.",Alta,8,Ciclo 3,Guilherme,A fazer
US29,Validar a agenda na API,"Como recepcionista, quero que o sistema impeça horários sobrepostos para o mesmo veterinário e agendamentos fora do expediente, para evitar conflitos de agenda.",Alta,5,Ciclo 3,Gabriel,A fazer
US30,Controlar o status das consultas na API,"Como equipe, quero endpoints de consultas com as transições de status (RN07) e a verificação do veterinário responsável (RN08) para garantir a integridade dos atendimentos.",Alta,5,Ciclo 3,Gabriel,A fazer
US31,Listar e filtrar consultas,"Como recepcionista, quero listar as consultas ordenadas por data e filtrá-las por status para acompanhar a agenda do dia.",Alta,3,Ciclo 3,Guilherme,A fazer
US32,Cancelar consulta,"Como recepcionista, quero cancelar uma consulta informando o motivo para manter a agenda correta.",Alta,3,Ciclo 3,Guilherme,A fazer
US33,Registrar atendimento,"Como veterinário, quero marcar a minha consulta como realizada, registrando diagnóstico e tratamento, para documentar o atendimento.",Alta,5,Ciclo 3,Guilherme,A fazer
US34,Ver minha agenda,"Como veterinário, quero ver apenas as minhas consultas, com destaque para as do dia, para me preparar para os atendimentos.",Média,3,Ciclo 3,João,A fazer
US35,Consultar o histórico de atendimentos do pet,"Como veterinário, quero ver o histórico de consultas realizadas do pet, com diagnóstico e tratamento, para embasar novos atendimentos.",Alta,3,Ciclo 3,Guilherme,A fazer
US36,Exibir o Dashboard completo,"Como recepcionista, quero ver as consultas por status em gráfico e as próximas consultas para acompanhar o movimento da clínica.",Alta,5,Ciclo 3,Pedro,A fazer
US37,Sincronizar consultas,"Como recepcionista, quero que as consultas agendadas sem conexão sejam sincronizadas e que os conflitos detectados pelo servidor sejam exibidos, para corrigir a agenda.",Alta,5,Ciclo 3,João,A fazer
US38,Preparar a versão beta e o roteiro de testes,"Como equipe, quero a versão beta e o roteiro de testes funcionais de todos os fluxos para a demonstração do Checkpoint 2 e para a semana de testes.",Alta,3,Ciclo 3,Pedro,A fazer
US39,Filtrar consultas por período e veterinário,"Como recepcionista, quero filtrar as consultas por período e por veterinário para planejar a semana da clínica.",Baixa,3,Ciclo 3,João,A fazer
US40,Executar os testes funcionais,"Como equipe, quero executar o roteiro de testes funcionais e registrar resultados e defeitos, com severidade, para comprovar a qualidade da versão final.",Alta,5,Ciclo 4,Pedro,A fazer
US41,Conduzir as sessões de usabilidade,"Como equipe, quero conduzir sessões de teste de usabilidade com, no mínimo, cinco usuários do perfil-alvo para identificar problemas de interface.",Alta,5,Ciclo 4,Pedro,A fazer
US42,Corrigir os defeitos priorizados,"Como usuário, quero que os defeitos encontrados nos testes sejam corrigidos para usar o aplicativo sem falhas nos fluxos principais.",Alta,8,Ciclo 4,Equipe (todos),A fazer
US43,Revisar a acessibilidade,"Como usuário de leitor de tela ou de fonte ampliada, quero rótulos descritivos, contraste adequado e áreas de toque suficientes para usar o aplicativo com autonomia.",Alta,3,Ciclo 4,Guilherme,A fazer
US44,Publicar a API com PostgreSQL,"Como equipe, quero a API publicada com banco PostgreSQL para que o aplicativo instalado sincronize com um servidor acessível pela internet.",Alta,5,Ciclo 4,Gabriel,A fazer
US45,Gerar e testar o APK,"Como equipe, quero gerar o pacote APK e testá-lo em dispositivo físico para comprovar a distribuição da aplicação.",Alta,3,Ciclo 4,João,A fazer
US46,Elaborar o relatório técnico final e o README,"Como equipe, quero o relatório técnico final e o README com instruções de instalação, execução e credenciais de teste para concluir a entrega da N2.",Alta,5,Ciclo 4,Pedro,A fazer
US47,Oferecer tema escuro,"Como usuário, quero um tema escuro que acompanhe a configuração do sistema para usar o aplicativo com conforto em ambientes pouco iluminados.",Baixa,3,Ciclo 4,João,A fazer
